,News
432,72
3071,381
289,3
2588,532
4121,33
4489,154
535,388
1479,3675
188,167
3573,146
2067,125
2304,3
279,7
366,178
4030,9
896,3
4582,14
270,239
889,106
1503,576
4557,559
2757,170
2277,6
4328,394
1593,2
3880,61
111,9
3953,622
367,7
4729,870
4241,4349
220,21
1020,5196
627,125
1074,5296
2222,146
3184,3
2303,4005
790,1522
4594,14
461,292
4267,17
2031,14
551,480
3196,3
1654,49
4696,9
2846,597
198,6
2460,934
4110,6
402,3138
2850,4119
4048,8450
3209,3
4621,6
4278,491
4424,2347
4327,287
650,343
708,4874
3000,445
4279,292
2555,251
3816,222
314,224
2287,343
113,9
960,14
4538,505
3153,441
4845,7
3252,6
4084,150
2373,6
3238,1450
4392,2017
1647,737
3316,1401
2282,104
3822,323
3066,179
4215,343
2860,400
3091,38
4628,7
1204,234
2715,131
3726,10
3464,0
1480,5818
789,12
4270,78
1872,1775
1362,3
871,7
1543,145
2242,531
73,74
1592,178
1292,355
1221,6
3976,736
1755,422
4438,465
3607,8094
2423,215
3377,34
2456,6
494,179
3629,1033
4437,1477
1149,170
4372,3004
3721,412
1361,3
2072,1471
3273,54
618,470
4830,65
2989,119
3899,208
3827,280
3758,1245
4615,9139
869,33
2584,106
1042,275
4305,150
356,14
2628,682
4082,1320
3181,43
3096,1693
3364,25
4013,146
4183,2627
4307,464
332,6
4713,1439
2968,7510
3477,677
4739,1514
3764,53
3372,45
2348,109
3098,296
1253,3565
445,4654
2135,149
452,32
1413,2243
2801,7322
14,631
4520,218
945,146
1965,6561
3053,4126
360,10
4516,9025
3606,12
2189,6760
4384,8860
3007,723
1588,5963
3959,2359
4481,116
4736,9
2707,397
490,6
862,343
1820,2039
2623,84
1699,47
2328,125
4725,259
506,106
3485,53
2984,369
4824,74
1113,1061
1726,283
4778,694
2638,1061
433,107
3243,2976
4369,6
2692,132
3617,1154
2856,768
3262,12
4118,1199
2767,2165
1102,897
2699,597
3638,844
156,1508
4638,306
4649,6
4034,14
643,6
2810,74
1068,775
3116,7684
2512,280
4111,3023
1618,3
330,870
1330,3599
4239,1721
2092,648
622,3264
4617,65
4732,12
2753,187
4301,53
2157,9
2575,725
755,154
518,76
3601,487
32,1196
2787,611
1157,42
744,22
1924,183
2347,346
1926,719
2589,1467
783,106
1610,64
2992,625
229,343
857,874
3158,106
408,3
170,14
540,4731
2100,6
2580,334
2440,146
3331,90
4229,2848
2598,3
4524,1720
1161,385
1873,6372
4843,14
3182,3
4834,1709
2875,765
2091,758
564,178
3813,32
4119,8492
3463,224
1721,6116
1272,1232
3296,17
4310,400
3972,803
2364,6902
3144,940
1172,1871
3975,3247
325,146
1051,16
3189,3
3126,394
2705,7211
3742,2334
1196,405
620,113
4385,265
2732,7241
1189,215
328,167
648,111
897,3
1338,601
1123,164
1714,314
4503,239
3980,2791
4801,14
2646,978
4501,3
1942,480
1023,1090
1784,445
3409,2177
1270,5524
2302,1670
809,6
978,3
3821,458
4622,772
1532,5898
4596,12
1840,3829
4189,6
1360,3
2820,1125
4293,355
174,14
4735,3
1774,281
1351,53
4326,394
217,77
3707,14
3525,159
690,6
4038,14
2123,480
4227,607
1106,5338
1391,346
4460,765
1392,2762
3662,1130
3076,1522
4133,574
576,1259
1878,2779
4300,125
1180,179
888,5054
4415,14
4542,6
4439,24
817,42
3109,2
208,1340
293,550
1119,429
2103,6
1921,6
1264,348
990,61
4549,4239
1375,574
353,646
4701,14
3082,7651
2886,2968
2547,119
2892,35
1228,1362
259,61
2497,304
1615,3
4754,14
2829,172
2417,172
52,1493
1874,43
1672,1548
2086,370
3869,17
2648,447
2228,12
1033,875
1097,2660
543,863
4078,948
1717,2178
1433,249
30,1490
725,421
2316,2289
1941,132
4693,9
4196,5
436,720
2351,6
912,410
4095,865
3998,12
4377,306
3161,98
2173,14
4627,239
1238,5491
903,12
3491,135
4231,201
507,4711
4198,772
183,758
1425,3646
4616,805
321,802
1614,3
4441,1742
1617,3
4148,107
4193,487
4302,111
1146,6
3074,7644
44,7
2478,1477
3753,629
2142,1543
3917,34
413,610
3667,852
4450,1964
801,125
1288,3582
2131,5
2323,1129
4074,8455
4657,6
256,14
1630,366
2955,1426
1151,42
2187,2327
647,111
3576,197
2484,320
1705,9
3567,57
1315,350
4098,33
1780,27
2346,444
2059,3
2374,6
112,9
3784,1008
263,4536
1393,673
1702,6
1186,172
2236,359
56,35
1309,797
695,345
1777,567
1569,25
1623,32
1578,863
2842,215
2172,14
682,10
4620,6
3049,458
2619,817
4600,584
3543,671
286,402
3143,940
2297,1786
2457,6
3542,4247
3319,47
3985,106
1912,335
736,1576
2499,7041
336,27
2267,166
2634,1107
4291,3950
4269,38
1071,350
2312,732
3560,2965
2177,239
3941,60
3910,170
3718,730
3194,3
498,55
4213,16
4806,617
3919,34
3844,1233
4150,8536
2881,76
2292,14
4642,14
2164,9
1839,1430
1022,2167
2168,1
4738,9166
3414,148
2111,573
1822,451
665,893
3725,239
2505,540
1017,42
4442,3297
2295,10
1207,3472
3588,6
2005,298
4665,592
245,14
1163,451
266,189
2342,385
1114,77
63,32
2463,232
3967,66
2622,84
2855,820
3022,2985
2133,1081
3955,2880
2422,6965
1876,2867
2378,718
1237,5484
103,51
2510,287
3434,2425
508,18
4161,6
4781,880
1505,113
865,287
4309,3988
908,1790
4808,3805
3689,295
2726,6
835,6
358,14
138,118
299,14
1003,64
382,104
941,74
1732,1667
761,4929
1697,17
4513,3700
1919,3874
1892,1565
1893,43
1807,262
1402,124
4361,4372
4311,234
4251,2958
3954,429
1512,3696
1188,144
2834,7359
1849,1271
3670,4102
3260,7788
108,284
3676,479
2194,555
2533,14
58,2386
76,303
796,1032
368,7
2778,150
785,3
2908,159
4047,497
1815,6273
1962,915
3352,2986
1550,517
121,568
4100,968
4423,177
3454,4242
910,1597
124,178
2483,194
1257,257
3264,12
3755,530
3877,61
1178,74
3290,114
4099,637
442,568
2586,402
2191,1439
925,16
3912,530
2274,6
1411,237
4176,302
1590,5969
2024,163
1227,1005
3425,1915
3159,805
3112,329
324,468
2922,7456
1740,129
1723,27
3130,7696
2879,425
1498,1911
1502,273
1006,296
4286,4325
3286,204
3785,1103
1467,5794
1225,232
2154,9
1800,6
1216,1979
3968,8402
3318,210
420,215
3245,550
6,21
932,1767
439,4647
1313,5602
678,880
3575,1907
2290,9
4055,6
4610,464
4459,648
2395,385
2610,3
4723,7
2865,7403
4116,457
2934,27
2600,3
194,6
1474,401
2220,1147
1211,891
2319,3583
2566,1260
3303,357
3237,765
3375,530
1675,12
1130,458
1461,2253
276,633
2471,1203
2215,3
2182,6753
1302,692
3861,669
222,24
4543,4365
4553,42
573,53
1236,5482
3362,25
4281,1235
1334,25
2749,6
418,73
1832,1347
1104,2651
257,14
295,288
2245,5
386,60
2932,27
2121,84
2883,338
4204,168
1961,296
1670,154
4485,2583
1563,2799
4790,68
2018,194
712,158
2233,257
2405,1871
3907,340
4539,187
1289,5577
449,43
3915,34
2459,6
958,164
4757,14
654,3275
3647,245
2653,516
2238,1238
2607,3
1867,6350
411,61
4324,2
3817,222
2988,24
4181,444
3508,106
2685,66
3809,1920
3387,7900
430,1134
4436,1061
1366,3
3724,239
2706,313
1176,2686
3163,99
1476,719
2991,7524
4242,3860
102,631
2223,6
1808,702
1263,525
3084,485
2977,209
3169,777
2905,6
2605,3
3131,728
3010,540
2819,373
1643,61
4370,154
1957,17
1580,863
4287,3725
4446,509
1356,18
4240,8661
1909,6445
2124,2321
2318,755
396,765
3282,447
1064,33
2244,3994
2942,7478
818,42
2101,6
1552,449
2960,7500
816,42
1572,1421
2813,268
4157,6
381,104
3620,335
2927,97
3323,3002
3752,629
2592,52
2217,3
864,33
3426,17
3138,555
554,472
1159,42
1213,425
1835,2736
2144,316
48,3
2251,53
2029,9
652,118
4440,2211
748,2107
1455,3664
4052,732
3268,1915
2552,568
866,9
752,42
1644,61
92,166
3642,21
4686,343
2313,2684
4127,2161
1490,5833
2748,6
3939,60
729,1270
2583,106
2915,487
2794,6
1745,2178
4475,1359
4788,42
3311,1696
1110,170
3168,738
4336,2321
3988,2863
346,480
1185,444
3796,3
1515,315
4529,825
578,27
75,854
1429,137
3406,297
4295,738
4383,8853
4799,166
4043,189
178,796
2751,6
4331,8775
2398,611
4087,166
2413,1182
3686,262
604,445
2042,3
25,9
658,3277
3148,539
2077,42
173,14
1611,565
437,3159
331,6
2940,7477
1454,2253
342,593
4243,18
3539,373
1088,664
479,173
727,107
4671,146
976,3
1831,6
2823,1576
1468,5798
1224,6
3750,3436
4685,343
1299,421
2835,7362
4461,698
660,66
3760,221
2276,6
3984,17
2822,88
3624,194
2083,347
2895,6
267,189
2569,1379
4451,992
2197,346
3411,726
3456,7
3527,8039
3488,12
1278,5550
4500,8992
4599,2774
1621,3
1894,3855
3599,9
3717,75
2858,768
2689,1199
67,63
3166,41
1992,93
221,395
4075,8457
2817,298
3589,6
4017,6
1226,487
1937,25
88,709
2531,710
4261,2962
4722,9
319,6
3610,230
2609,3
2462,288
1966,304
4418,14
4322,701
4140,292
3399,60
1143,42
397,6
3568,57
4058,6
2758,6
4396,8869
3441,584
1398,17
1659,34
3499,34
1096,2660
3826,1226
1741,797
1350,2233
2465,1005
979,167
283,3093
1736,303
1298,421
4015,146
898,3
3789,3
3892,1115
82,755
2339,42
3541,113
613,58
3580,457
2174,189
3666,8137
423,29
4208,8612
1904,3867
4401,403
3663,8132
1869,672
1565,17
4623,464
4612,197
3626,194
839,6
500,2060
611,194
141,6
549,3213
557,3
887,2592
1377,1817
1626,6026
3503,42
2809,74
218,77
2880,7418
2022,493
1760,3786
1138,2186
209,3093
3013,343
2420,767
1787,287
3926,34
2439,146
550,3213
1424,25
2939,1097
2836,3996
3413,841
948,1174
1652,1470
2798,1853
3902,1054
532,387
4376,8841
3080,412
1829,6
3128,675
4283,489
3665,2490
3001,445
1602,530
3295,17
639,1794
4687,343
1782,919
967,7
0,42
2492,7026
3947,17
4756,14
3334,119
4335,539
2226,1134
4200,194
247,14
2367,1222
4764,3
1089,366
2522,35
3776,18
3901,77
4112,8484
288,3
930,782
2379,136
2857,768
2929,1714
4160,6
2907,934
2388,42
272,10
4836,14
4235,1631
3337,1115
278,7
952,6
3198,3
2252,32
3123,915
2015,1042
3248,35
3654,866
2451,4042
4522,1319
1698,836
4568,515
2803,73
2384,42
3860,852
4248,3
155,259
4319,4368
985,388
3106,1960
3652,642
2114,41
4633,9154
981,1413
2372,6
1751,27
4051,550
3535,2644
2311,732
4692,9
942,347
2792,259
3346,109
1400,143
2970,3109
1595,5977
210,4523
3641,721
1457,195
1509,5863
1395,1851
264,273
3511,385
1499,2750
700,197
2301,201
644,6
4789,597
1405,61
2585,4074
929,32
4828,9233
4561,3581
195,6
2661,61
3494,2248
2559,7078
1860,350
1818,3594
4718,670
246,14
3405,4232
1758,623
4717,3
2669,1115
923,438
2229,12
268,189
669,166
2668,90
1910,2
2830,172
1152,42
4672,146
3277,248
4113,4265
3671,2985
3802,3
2827,172
1915,1008
612,422
2288,3450
3349,155
1898,176
1649,775
2333,98
258,14
847,27
4122,33
1233,1881
1127,13
1967,92
558,1775
3698,164
484,29
1320,5615
4714,177
7,21
3317,210
3523,4169
1450,692
3771,777
1814,629
773,646
1011,541
2789,611
2329,643
1991,2830
3986,8419
1783,6211
446,53
880,5046
781,555
1749,877
4733,24
883,5050
2258,106
1091,969
2788,611
531,968
4187,891
3193,3
3886,4215
1727,2408
610,563
570,232
3741,2
4081,278
343,16
2897,6
2978,183
434,55
1903,445
4345,1590
2268,166
2069,6
1537,11
4477,312
2366,34
1517,202
965,3402
4271,4335
528,34
176,523
4715,491
4768,14
4167,4337
572,3
2399,142
3328,175
2962,579
3047,7624
2721,1192
4009,1125
2620,57
383,189
852,194
1880,2187
370,3119
4190,6
4192,6
1105,109
3934,60
3738,4056
1336,5638
4457,42
3199,3
4486,2693
4702,14
1171,3519
2464,3383
2561,7080
1422,22
2225,284
2518,9
1464,3669
874,2584
2208,3
4209,3287
1251,2209
2232,12
840,243
2990,7521
581,32
204,111
1641,94
2014,395
905,426
631,1068
3916,34
1974,3665
162,14
3011,7562
2718,150
4395,146
617,4815
3856,452
1431,34
547,11
3165,41
4409,9
4096,6
2269,53
2893,11
2851,3696
3853,1100
1861,205
640,77
4091,150
637,4839
3336,529
4303,8739
2096,682
4349,6
4791,68
3484,7990
2697,964
921,247
546,853
3894,674
3971,787
2028,9
1885,72
1642,61
3329,2990
4664,796
2097,6
4225,33
3380,34
4359,292
4814,1773
836,6
601,125
2184,7
3660,1108
2361,17
4177,74
1582,863
4137,296
4194,2164
2591,1085
1070,1356
1775,6
4663,2898
1283,5561
2894,682
4611,29
1836,2124
3977,973
1019,2165
4447,568
1326,3455
475,611
3270,1951
1651,693
3788,3
4155,6
2480,194
2357,2925
4753,14
1373,280
739,222
3832,2366
2321,1128
867,3363
1140,197
997,692
1337,3606
541,14
1099,3476
1132,1405
3852,2248
2581,334
3778,217
59,168
3386,150
1938,417
3107,7673
4784,184
1078,314
3480,480
2966,395
940,42
1080,1245
187,167
4053,63
2085,6680
2249,53
4742,173
2023,2772
3795,3
3837,724
4526,13
226,509
4277,22
1929,116
2899,6
4354,94
1404,1863
2179,38
697,6
1124,5372
2656,17
2770,802
1778,1794
4023,5
1037,243
4018,6
2256,3
313,1218
2281,435
1416,109
1036,6
2159,9
3997,155
1754,262
2952,194
2650,303
3990,479
3176,597
3254,288
1506,2056
1923,1254
448,43
2414,6958
2404,67
4816,6
2437,22
361,10
2183,72
1134,1629
3674,322
2155,9
1830,6
1053,673
22,1971
2066,1767
1653,1668
2458,6
3046,17
2658,17
3825,1226
2325,3
460,94
1067,1620
87,106
3898,267
2525,90
282,1038
462,605
212,281
2377,11
1368,3
234,355
2633,1874
597,3249
4332,8778
2250,53
3820,458
2283,77
662,4843
4810,6
2285,1399
4576,7
3032,287
3263,12
4680,6
779,578
4813,52
3249,35
3119,7687
3035,376
4689,880
685,494
3008,1508
4787,2613
2171,14
2534,1286
1850,1353
487,338
1688,520
2230,12
3097,1693
2320,53
782,4947
521,61
522,61
2694,851
4105,3
2207,3
3298,1225
3370,170
2680,825
1511,1498
1882,33
651,17
2647,1355
3197,3
369,177
4711,10
118,14
3151,292
4203,8607
2216,3
3360,22
1613,3
2765,42
962,14
3365,1062
3625,194
4841,540
2876,197
4761,7
4109,17
2185,1037
3685,262
2037,64
4408,9
772,90
1284,1865
4595,189
1414,109
1234,3518
4580,14
435,488
1674,12
365,178
4527,2428
231,343
4217,880
3830,2366
4264,2
407,17
2090,6682
86,3
844,97
1031,215
2498,304
3927,34
3065,421
855,775
78,3072
2247,736
4618,9140
3467,158
2764,42
3931,60
2279,6
2468,2313
3992,9
3664,8134
4467,360
2176,189
424,455
392,6
4586,121
3307,61
104,6
4567,615
1948,162
1459,172
3803,3
2663,737
2572,177
4645,329
1587,2246
3470,12
1731,666
3518,611
4707,189
1791,16
2355,2753
1940,774
702,212
2442,197
2673,109
496,4699
464,277
2554,1302
4202,176
172,14
2917,18
4651,6
3095,2857
4172,8572
2260,1490
2112,6704
900,3
1446,5763
4064,14
741,2538
2293,61
2452,35
4511,4268
3865,204
1206,3530
509,3
2487,395
2662,1056
1549,1265
3904,127
2202,92
2044,138
767,194
4724,6
3540,113
421,29
123,178
3996,1260
2495,3414
819,42
1403,492
1382,78
2148,287
1575,1454
1638,2267
1795,2193
4670,1
399,673
2310,486
882,3367
4820,9223
2750,6
1352,2717
2805,1840
4708,228
2130,395
982,35
456,1233
3350,7
1079,3466
1950,593
4184,8585
689,6
2429,51
641,125
2392,43
1953,6
2614,32
2629,6
3258,2707
3167,41
4624,432
3734,8204
1884,103
389,4574
2494,866
2957,292
4482,194
845,5011
542,4733
91,478
3683,262
1979,2
2671,4085
3868,9
2754,586
2529,3
1676,1635
1048,1586
1960,6550
2530,1882
2643,608
237,9
2812,74
3308,184
1133,2077
1805,487
3956,34
163,14
3312,2541
4569,306
3174,512
3275,394
3038,626
3447,605
3731,2106
1811,3182
4540,42
1428,1737
3427,131
2659,61
3221,32
4325,2169
4509,1092
2678,22
1452,605
593,937
41,9
560,172
4414,2914
3659,479
243,14
1339,675
4682,284
2807,1418
4033,14
1442,150
261,939
2627,1100
1689,6081
1725,3
3849,156
834,306
1866,1135
2496,1854
2010,197
340,1514
2833,767
1601,530
4032,14
4554,306
480,671
2683,917
3693,597
3591,243
4498,146
2890,35
3781,1287
1766,6186
4338,3
2453,2629
4625,1627
3613,38
3806,3
4537,9059
3487,712
1271,2218
2921,7455
4366,707
3105,208
347,9
3751,668
4484,8964
2562,1393
4453,19
1423,25
656,343
2102,6
632,17
2493,57
3921,34
3473,7985
3139,555
2937,313
3410,7912
2500,509
1465,178
2741,2502
115,33
1821,6285
1494,1222
2401,259
1232,435
2725,4094
1153,42
4347,76
57,7
3220,32
4274,3028
4792,68
1735,3772
2196,314
3371,1051
2475,2005
2564,675
2997,970
4216,880
3466,158
707,870
4151,42
1093,1402
3379,34
1376,574
72,447
1922,660
3012,2590
1764,1053
743,3306
4750,14
1005,307
1190,215
3483,17
4152,6
1125,200
1241,864
2704,218
3936,60
3265,1041
998,2620
3423,123
1577,863
4646,335
1826,1931
4518,9031
4835,173
3355,1696
440,33
4798,33
1100,24
3800,3
2902,6
649,111
1546,330
3357,7883
3378,34
3768,41
630,4832
672,3
1249,11
482,347
1584,2443
4741,107
2882,7420
1462,733
3722,412
3435,3004
2578,382
49,3
4159,6
2900,6
858,509
1072,1577
719,14
4581,14
2631,288
1660,34
1656,917
2425,2933
4491,177
4102,922
4821,14
4352,303
4546,1555
4609,464
3932,60
2606,3
1385,12
3631,11
1399,1522
1195,597
1408,638
4086,865
1798,42
1475,538
3052,35
35,166
3529,746
2345,42
3879,61
2359,25
2206,3
3566,234
1286,287
349,24
2137,3973
2691,3
2825,1716
2964,297
1681,30
3811,32
1443,12
3078,7647
1671,981
4564,1853
1179,74
4002,34
3668,343
372,3
3424,7929
1916,3
1357,18
1825,1157
786,138
469,155
140,42
788,12
323,1008
3905,127
714,63
4353,4369
2446,2153
4668,758
4284,8704
4458,113
2859,400
2666,196
406,1355
3187,3
1004,2056
4468,1237
890,106
2411,130
2545,350
3259,2164
2390,42
3732,4294
42,3053
3142,629
303,947
4378,193
3548,215
664,254
1177,2687
2676,155
1947,1389
2501,1108
1473,5809
3339,296
2132,1081
1026,3146
961,14
2009,383
2149,287
3154,7714
2338,2921
3682,1469
304,1520
1440,5748
1496,6
2652,1068
916,53
4025,593
3526,75
2772,2447
1624,3289
3633,11
821,578
3132,340
1354,1274
4362,1472
850,34
1000,395
3203,3
18,395
1637,700
1667,587
493,477
3918,34
3532,4265
3651,367
3428,755
687,6
3534,74
1608,98
3909,170
3227,84
1009,2
2408,74
1092,841
1327,5626
1677,1403
1999,668
1310,607
1987,6608
3460,4245
344,16
3914,49
986,737
3646,1034
3605,435
4182,2193
3792,3
4320,86
2874,7411
1142,1032
2358,464
1198,699
85,4475
1518,425
4237,103
1381,5678
2716,311
3214,32
1014,2164
128,3
1364,3
3437,84
3745,1302
891,5055
2793,259
4076,244
1359,1008
307,34
1661,34
2431,400
3727,1157
1317,273
4173,3656
2474,27
2542,3969
1246,194
1208,2675
216,284
4162,11
2906,6
1239,27
2289,4
2740,34
275,157
489,6
1035,2629
1229,5473
4448,637
1008,12
3845,1233
3026,2167
3021,7592
2532,1023
4012,146
1058,3450
2166,33
3200,3
281,1037
3595,232
1316,5608
4825,9228
968,7
4063,118
4688,880
3586,6
3338,931
619,42
4431,956
1742,782
1390,5692
3838,76
1847,374
1579,863
1655,2213
2352,1732
2212,3
2020,576
4819,67
1956,16
1307,330
2003,42
575,4761
3874,31
4068,14
1706,2260
3544,8045
3291,17
1280,1293
861,343
3960,3505
1801,42
1628,84
1993,394
2639,4080
269,239
629,1792
2334,232
300,63
459,948
1447,5765
1472,1166
2046,3944
4101,660
3564,234
2113,149
27,14
3635,211
4387,969
837,6
3623,194
2008,9
4758,14
503,335
3043,355
4003,6
380,12
4054,6
1525,6
4412,131
3064,421
2884,1154
2340,232
374,3
3192,3
2381,42
4179,74
939,6
4752,14
3999,12
2799,4108
2147,6726
3615,1154
4403,1108
4088,3841
2068,42
529,4720
3903,712
636,973
1269,5521
185,865
3616,12
3018,106
3276,160
1797,1931
2979,274
1441,5751
3250,6
4726,1008
1535,900
4205,395
1273,2057
3891,237
607,3254
4417,14
1712,3
2199,2109
955,395
2579,334
3690,355
4290,707
3206,3
3493,13
403,53
2071,6
4613,27
1977,706
158,154
1748,3774
2909,232
3353,7878
902,3
352,646
1230,1219
4530,1573
2140,6714
444,1366
4795,9
754,2109
1737,2288
2971,54
4826,36
2920,1362
311,4547
548,27
4746,33
4619,115
1989,6619
306,948
2335,3
694,355
2356,0
1927,1259
684,3
749,1578
3081,412
1266,231
4492,1429
4420,14
4288,8710
4292,13
3025,3829
970,2550
13,6
873,607
808,6
514,46
4337,3
409,359
3479,480
4211,445
207,7
4476,243
458,65
3292,17
2430,4032
4480,444
110,1209
4323,115
3833,722
1883,6399
1713,7
3749,3184
3408,134
552,279
1439,39
2270,6821
2821,88
4637,146
1925,1069
634,605
4660,6
316,77
4089,14
4559,178
1328,5628
427,6
3201,3
105,671
3041,162
142,6
2169,6748
3366,127
89,2396
2918,706
2241,155
4050,3
2163,9
2636,2205
1949,890
1768,1082
3554,410
2272,81
1,629
3114,335
4804,11
1951,6526
3883,184
4166,1686
2720,4093
3669,880
1109,23
3403,546
591,343
1695,500
2936,543
4069,264
3235,1663
1576,5953
4470,3590
213,709
778,1340
1415,109
3559,468
2043,458
2848,1287
4400,435
3945,781
3611,919
1567,33
165,14
4574,74
3400,60
4775,1781
1343,407
2013,243
273,10
71,7
3681,1469
1087,1092
394,239
583,1559
1367,3
4833,11
3873,1945
2548,38
3906,279
4749,14
3003,7547
4644,157
3790,3
3351,77
1763,1229
1875,6378
1259,321
4394,1479
2253,292
2781,935
526,932
3244,156
2946,668
377,146
1559,979
3618,4188
1963,53
4591,73
348,9
2434,4007
2246,303
4272,311
1709,23
1050,1543
590,50
519,571
4358,1051
3928,150
2477,772
1083,3
3404,1071
4634,9
4374,42
1294,164
1809,164
791,4953
792,150
4059,6
4648,6
1980,445
3829,8298
3210,3
1530,1362
1410,119
4220,262
4508,9006
83,53
868,33
2350,34
20,3045
3247,35
2795,823
4435,1120
1562,842
3093,1796
3155,221
973,309
1710,925
4844,9
4674,306
1098,3476
3995,637
2844,347
886,177
4356,119
4443,158
3384,150
4266,162
515,46
737,675
1453,782
4031,33
4560,1470
2506,140
2994,2218
2126,1377
2926,435
4604,4396
906,1156
3459,3608
1030,215
2507,447
2428,3913
947,969
3604,4187
3855,1053
715,146
4786,933
686,4856
703,74
2353,164
2257,77
4647,118
473,150
21,4427
2752,11
885,340
2448,1174
917,605
3557,796
3551,347
2239,1520
3640,721
1265,124
483,347
4206,1855
2963,34
1219,2629
277,178
988,155
2084,347
1245,5496
2382,42
571,232
1435,150
993,5155
3274,608
3269,1929
585,4779
3469,10
2514,295
1349,334
1007,350
674,400
2412,483
2903,6
447,68
4614,4021
3558,468
359,38
2064,355
4314,487
3608,4274
1690,3760
4195,97
1548,67
1247,194
1985,17
294,6
1547,5915
2012,1497
588,6
2403,4024
2129,21
4253,1633
2410,1451
2719,991
425,11
2582,708
1054,2641
3757,1176
4425,106
556,3221
4226,135
4466,239
4572,2907
4712,157
4570,18
3920,34
1193,1432
1716,2284
2604,3
3935,60
2828,172
1704,6098
2863,234
2618,278
2400,224
2139,2836
3239,141
2383,42
3218,32
4456,665
1285,2727
3712,422
4262,569
4333,75
2087,278
1889,1861
3326,638
1591,72
1346,629
4296,1674
2162,9
2396,385
3455,431
2271,347
4355,4333
3111,329
1137,17
3688,295
972,1176
795,57
3020,7586
1711,389
36,27
453,32
913,384
3867,9
1199,610
1274,2057
2375,6
37,298
974,402
3195,3
983,35
3697,49
3857,12
1418,155
3964,292
1560,13
39,125
1486,5826
4083,1051
169,14
1355,68
2785,611
4212,8618
4606,7
3794,3
2682,454
3815,222
1640,33
1290,636
1380,2096
1933,2580
579,4771
4092,158
3160,98
2030,33
892,5057
4703,14
780,177
159,1733
2,163
3970,520
3216,32
2109,403
849,1274
2737,34
2466,1219
3770,64
1596,1710
1776,6
1913,335
1043,135
4573,538
1544,506
2736,75
4772,224
4478,1082
53,1710
1796,3
1911,1230
2306,3
2553,623
2800,106
3871,906
3933,60
824,4985
4592,284
3178,410
1389,2758
4728,1009
884,310
3603,2905
1607,98
1594,2
771,9
2611,3
3649,186
2273,865
1868,632
1085,3
3946,337
1325,401
3390,60
1463,429
806,6
3537,298
3570,315
2108,232
4108,135
4803,520
2234,3993
3211,3
963,483
3415,148
3553,3577
398,635
2632,12
4705,189
2996,2108
704,3064
431,174
292,167
4719,550
145,6
3961,6
2033,350
4073,14
1165,3515
2050,3370
2624,455
4244,8665
339,709
3673,480
3957,561
2973,318
265,189
2424,215
1262,79
1771,2431
271,10
696,179
747,2055
244,14
317,150
476,611
2032,14
957,33
3614,3
813,42
4556,805
1914,6451
4464,1931
1297,5585
3819,84
1804,765
758,1794
250,14
2461,934
545,4735
3241,969
738,620
310,667
2941,1464
1131,1428
1449,692
4770,34
15,592
3232,1226
2769,2165
3468,7981
920,3387
3029,287
4060,6
2544,350
38,1008
363,157
3889,442
182,758
3033,1055
2983,2
1194,1378
2852,43
3565,234
1121,5363
2235,353
2667,502
3505,42
3223,362
1182,298
4163,42
614,36
1466,54
401,3136
3042,43
934,5104
2419,6963
4679,6
4379,343
2641,1199
3807,3
726,688
826,172
1521,1174
4603,592
2930,7466
136,3081
628,611
334,243
390,224
4252,383
4727,1008
3628,174
1817,3
400,485
710,6
1039,5236
3780,1287
3359,22
46,53
1561,1416
4654,6
4697,9
1112,60
2513,262
1223,6
3848,156
3023,24
2421,4030
1508,5862
1750,2284
4691,9
3881,61
1799,1429
338,194
215,168
1341,5643
11,177
1520,176
3729,4293
3574,722
3004,7551
2864,933
3115,390
3895,1451
2322,6857
2571,340
2913,487
101,2400
3549,347
1458,707
171,14
107,756
4056,8452
4837,7
4165,42
4407,9
3656,8128
4273,8698
3858,12
60,3
1240,864
4497,713
1040,3438
4037,14
2760,42
2120,12
1524,6
3521,8037
153,1128
2248,106
481,813
4106,915
4321,11
3578,8078
3930,66
3562,234
3315,708
1762,2841
3538,298
4817,3016
750,6
1785,2173
4490,194
3383,150
3948,22
405,138
757,671
2711,2954
2670,296
3774,18
97,9
1333,205
4316,27
2791,611
2854,1256
186,3089
3793,3
2723,3881
3583,665
2058,567
4065,14
148,6
28,14
3951,61
3799,3
4402,509
692,10
2866,455
1386,473
1845,706
4589,14
3958,1047
1599,1310
4368,8827
701,270
3773,68
3028,2336
2969,71
4224,33
1708,1362
2953,194
454,32
2868,315
2040,3
4041,189
2315,331
609,460
167,14
730,36
4120,262
3358,22
2074,61
3828,199
1622,51
587,215
1401,2150
3045,17
3224,362
1700,707
3088,239
4255,841
2981,79
40,709
1379,1435
2089,6681
2175,189
3217,32
2885,1
74,6
3702,8179
2657,17
3180,410
2076,42
441,38
3839,76
2051,17
2541,1079
3306,61
1301,2485
1781,27
4669,758
3430,7936
1304,688
236,9
2599,3
520,12
2573,7093
3280,24
3186,3
2768,2165
735,1079
4563,538
2106,6
2679,25
3229,84
2761,42
592,262
1303,1286
1387,5686
4602,43
4390,144
3739,8216
1890,2456
2987,360
4773,42
3297,17
904,12
4471,8940
1279,2725
933,281
4751,14
2308,1078
1555,5927
4397,306
3190,3
4306,8742
706,97
4550,39
3070,90
745,292
3594,232
1939,7
4265,162
2862,2965
3786,43
513,46
81,859
4823,834
1308,422
4411,131
914,2018
3452,119
3695,35
4698,14
3156,106
2198,106
774,14
329,167
2054,109
2001,26
943,81
822,138
4391,543
909,737
2516,1690
181,758
164,14
1523,6
451,3
2538,4063
3896,109
4631,303
1311,264
3149,4186
1111,34
4410,9
3489,918
1287,2728
4020,6
4505,107
3680,583
4626,144
4010,620
3300,94
3310,84
4419,14
3125,15
327,425
1790,1628
2490,3993
2006,88
2007,43
1858,1643
4545,266
312,106
832,4992
3079,607
4577,619
3462,224
1201,51
4256,1188
3547,2457
3783,410
2134,2903
3451,162
2209,3
1901,123
1481,71
777,937
799,511
3714,607
54,25
2972,318
3335,78
1920,6469
3715,607
4506,8998
946,1078
1701,2600
3293,17
2161,9
1136,1815
987,5152
2549,1693
193,6
3057,164
3246,35
1394,673
2637,1288
768,1209
4562,9108
3090,1322
3495,10
3215,32
285,53
4785,559
428,6
4313,6
2332,976
2717,335
2079,259
3389,60
722,14
951,6
4232,335
2262,6811
989,63
3212,7754
1759,1037
3897,74
326,146
2608,3
1383,12
1724,6
1086,216
2523,35
341,593
3701,1494
147,6
688,302
3432,362
1107,661
848,5018
966,472
4587,14
1492,1656
2203,43
2713,7218
661,28
1002,1611
62,17
284,55
2224,21
4566,1487
1879,2077
3572,146
4709,10
1203,5441
1990,1048
24,9
4706,189
4811,1176
4008,42
762,870
875,189
4601,1851
938,6
2687,354
3600,9
2394,385
4430,19
4827,9230
3929,150
385,34
4236,262
4432,771
536,491
2291,33
4026,16
936,6
3737,8213
4502,239
2360,211
3507,349
201,6
3208,3
1332,2481
3016,343
3502,42
2708,7213
1934,6496
935,6
2418,367
566,104
1854,304
4334,472
2872,24
3030,287
1205,332
2467,435
1645,981
3417,7921
3476,4024
4093,158
2861,255
1792,782
1430,137
2826,113
3797,3
3368,917
3367,151
3533,74
3100,2946
50,3
1013,1851
1928,1646
3449,1310
3870,2892
603,4805
3056,164
4228,401
126,41
4036,14
3876,3936
2935,247
3204,3
1347,629
3055,164
355,14
4517,162
3531,37
2730,125
827,158
1639,17
3694,35
3040,7611
984,6
3281,93
4818,1471
4016,8441
2188,543
4760,157
2443,466
362,637
2349,90
345,343
3973,605
4469,849
711,177
3205,3
3994,38
4650,6
3979,3
3325,1125
10,314
1683,561
2116,259
4593,14
1834,1301
793,265
3363,25
4793,6
2802,992
2674,545
94,6
3989,21
129,670
3756,334
2891,35
2371,1210
2094,1797
3966,1252
3332,228
4783,234
3228,84
4769,292
3767,100
2995,3128
2263,104
1900,3863
2275,6
814,42
3230,458
1932,30
2853,643
4114,162
2912,17
1865,3
1658,292
516,46
3593,4272
1857,33
2645,108
2243,2328
1277,3573
2336,172
950,6
3482,724
3044,17
3068,378
1120,5357
4315,4365
2597,3
2204,3
419,671
922,520
1254,2211
477,136
2035,6643
4141,3582
1692,233
4174,3873
4168,738
3571,1930
1471,402
2601,3
1202,438
2438,16
2626,7140
1669,1061
4673,146
1970,262
3110,788
2151,2326
3687,262
820,4984
1997,343
4744,173
3054,33
1248,11
2192,6768
2712,2347
992,106
2190,6764
4525,1734
1046,318
1888,782
2469,104
3708,2360
3762,106
2847,2145
3597,232
615,125
1318,239
1863,2134
2343,623
2449,1174
2136,108
1065,798
1772,3789
4807,3205
131,21
2621,84
3481,145
77,3070
3450,7963
2898,6
2052,90
4365,8819
724,318
1314,350
2845,620
1851,2685
2317,17
4238,8659
872,422
3850,1114
3911,3995
1372,3624
1855,1108
4643,14
2965,395
3391,60
1319,38
2560,169
4748,14
4066,14
2635,232
4001,550
4129,2
3530,730
375,3
1908,607
333,6
4201,281
4245,3
4027,28
2365,3211
1604,402
3888,2952
1118,991
3677,104
3490,174
4716,3
3621,194
1943,18
2958,35
1994,42
4802,399
4223,17
2376,11
4694,9
1342,1032
320,6
1619,3
3713,4290
2060,707
2219,2279
1673,3752
260,184
4667,366
2039,3
901,3
3744,390
2026,1196
1917,32
1828,6
1573,422
4259,980
224,445
723,14
4350,1250
1141,33
2762,42
846,3354
2551,398
2928,7463
117,14
645,6
3,17
467,4671
5,665
919,958
2595,3
1063,1064
2590,18
242,14
1160,1579
2870,2342
3735,1960
2397,2016
3517,451
3421,7928
2563,956
1605,402
4683,2896
2324,22
2709,4090
4263,303
1312,3145
3448,391
3812,32
4515,9019
2362,263
1975,373
3514,385
1761,1058
2739,34
4519,218
2472,718
4007,42
1493,5843
2158,9
1169,3517
4381,623
232,287
66,675
1603,530
3283,447
3596,232
125,335
1296,25
1976,1005
4382,1273
4346,8789
2075,42
3086,350
4214,103
3345,109
4329,1401
2797,276
918,5085
1646,2817
364,157
3287,1085
2125,709
4123,2371
525,633
55,25
638,94
302,150
2766,420
1276,268
2055,6653
3644,395
4143,561
2878,676
2286,343
2261,2200
2296,10
1753,3133
1968,290
4219,57
3117,4175
2393,155
523,459
3900,201
3122,2327
4156,6
1969,1790
671,74
4188,682
666,237
4207,4343
1887,1604
3266,473
280,335
1719,6114
2947,122
899,3
4704,939
760,1077
1906,33
4042,189
3823,323
4138,1062
3818,84
2593,1448
4164,42
3031,287
3579,8079
2832,2928
3472,12
137,296
2180,10
2128,88
3177,276
4233,390
1331,335
2017,509
2482,194
1358,217
1329,72
2150,295
2122,130
3981,4111
1252,88
3278,248
3374,940
2814,53
1848,1097
3037,295
388,212
235,9
1077,530
1984,6602
3962,53
770,417
2165,33
673,174
249,14
1574,422
3419,7923
2081,6679
1823,782
716,146
4528,891
2048,12
4178,74
2724,1943
4386,230
1460,5782
1668,1020
2756,390
2000,2892
404,3
384,189
4357,1682
2152,355
1633,714
4449,177
3925,34
4158,6
223,34
2193,1573
3136,3077
1824,2854
4462,1274
797,410
2871,7407
9,14
1944,6
1838,6310
255,14
4373,118
1581,863
2956,270
924,332
4294,1425
2508,303
3775,18
4136,94
2779,385
539,769
2745,6
4363,8814
4434,605
1145,6
667,21
3019,7573
357,14
2831,172
2783,451
1353,3615
470,46
2703,1943
3330,337
3637,2560
1396,1281
3584,6
4351,1250
3376,34
1256,5509
3512,385
1250,513
4662,158
4298,1552
3284,3998
2933,27
4175,4339
1852,277
4721,12
2105,6
133,150
928,17
823,1274
4406,358
1531,2026
1214,82
504,340
4285,8706
1996,74
3072,4166
1958,223
1384,12
894,1085
455,362
4605,373
3709,57
4479,42
4268,47
3522,2125
4134,4165
3602,8092
713,1269
4186,1073
2214,3
2923,428
1810,954
3486,0
3141,250
1827,1405
1155,42
1324,401
4312,4321
510,3
1680,6070
499,262
4399,1042
1856,2857
1388,700
3719,1079
2386,42
3236,3290
1540,956
1217,1047
2681,825
2993,346
1191,5429
1542,2535
3301,94
3324,502
2539,1243
953,2612
4330,1469
732,2102
1156,42
3294,17
2982,56
2156,9
1062,33
2616,32
1167,3516
3222,32
3636,168
2938,1097
3140,785
143,6
3577,197
2782,451
717,14
1819,75
2502,609
4360,34
4171,3301
395,154
4690,24
1365,3
4421,2175
595,3
3952,1275
2914,487
2326,395
3766,98
3440,771
3851,1114
4132,3
4454,224
2143,304
1571,1169
4079,14
1122,5368
2786,611
2967,123
2504,2943
3465,2562
675,6
2808,7335
3348,155
728,3297
412,69
3146,314
1516,3237
825,680
3267,2996
3974,605
616,1157
114,9
417,611
3069,1841
1625,362
4797,9195
4185,405
2896,6
4531,934
2082,1490
753,42
2546,90
3969,584
3373,45
4107,8474
2444,425
4380,14
1066,154
3913,292
3498,34
2738,34
4000,12
1568,849
2427,643
3746,177
4632,65
1687,520
851,900
3546,88
895,43
335,1219
2839,7374
3087,2990
1348,530
1015,5187
2816,7341
1631,1435
2489,7020
3730,2106
3251,6
4494,64
2070,6
4452,8919
4734,3
1635,54
2479,1097
2265,268
2959,284
3059,1494
2141,1232
3118,23
4585,14
4045,1963
3356,1696
2744,6
3506,6
1679,17
4249,32
3147,314
2294,483
580,7
1470,33
4070,788
3343,730
3672,333
559,692
2849,4119
512,32
1081,402
1664,1264
1012,447
1931,1058
1150,42
2838,2262
116,14
740,3302
4661,523
3675,1389
830,643
119,14
4635,11
4597,6
635,4835
4465,197
4364,465
4142,1082
991,43
876,925
4,42
3051,35
3124,1366
2660,61
2491,1969
3854,288
1715,373
1148,6
3261,452
574,65
3769,41
3736,8212
4146,8532
853,320
1982,787
2774,1844
1166,3516
971,334
2701,2199
4495,426
3847,571
2368,705
4115,425
4131,3
2950,132
524,3198
2455,6
1841,11
537,4726
2806,99
4341,84
3175,2362
784,402
4057,6
1409,90
2537,57
154,204
3009,835
1686,520
2901,6
4796,7
3863,93
2733,82
1895,276
569,620
1816,6275
2065,92
127,926
3394,60
3327,175
4832,796
2975,123
980,571
2300,637
190,1
1139,2675
699,3291
4731,6
606,540
4276,22
301,63
3420,504
4675,6
1060,262
2565,1439
4840,27
1069,48
2524,4060
2205,3
1243,1631
16,1970
3120,1611
815,42
3067,1029
4640,403
959,14
225,445
3354,1696
2485,637
562,4747
3436,32
1693,233
1045,660
3446,605
4565,14
954,7
4831,3302
2735,988
4755,14
4678,6
1218,5459
1527,5887
3987,210
1300,5589
4743,173
160,50
4067,14
956,262
3791,3
3234,1663
2869,3418
3777,18
4433,3
2961,2802
2200,53
98,1726
2557,4068
3183,3
253,14
3923,34
4199,194
1445,5757
1648,2458
3991,1890
1696,6086
3191,3
4499,2199
1154,42
2255,6799
1682,1999
3170,532
2056,60
4090,525
3108,7676
4548,9081
3723,412
2049,2896
3643,21
4776,22
623,1790
262,708
3369,1205
4061,177
1802,2
4838,3
2385,42
1959,11
2976,234
488,6
1843,305
1734,63
2911,3558
3219,32
146,6
1986,6604
1369,699
2811,74
659,758
1794,355
2511,36
3397,60
4282,8703
1147,6
3272,1369
608,1340
3582,1174
1930,1071
197,6
2931,7467
2327,2837
4389,141
766,509
4496,8990
4218,417
3255,17
202,21
3510,150
1733,2430
2777,150
1707,3155
3474,3
854,71
4097,232
2160,9
698,343
4794,3554
2999,304
3696,525
1636,2080
3457,1413
3581,1
1291,1283
4659,6
1853,5
3763,53
3304,61
4763,668
3743,329
3445,803
1998,694
663,42
3748,177
4413,421
709,1773
1282,5560
2675,155
4029,8444
1306,48
2237,218
3302,1522
2038,3
1529,2232
1663,150
4782,332
4800,14
3627,194
2693,127
3060,94
1597,177
2729,211
2625,67
3157,106
3314,737
1722,232
1059,262
4636,4027
3242,406
1678,953
1757,171
4191,6
563,2490
2790,611
863,5032
1484,204
206,9
4488,773
870,131
4493,2964
502,178
1028,1617
3840,138
2690,109
1570,1029
2773,174
2731,743
804,6
3645,8121
2454,306
4598,477
3104,583
200,6
3099,878
2278,6
3561,8059
4474,1179
4514,401
391,1046
1495,5846
2695,1082
2027,28
2568,1260
64,229
3884,809
2062,6656
492,27
379,6
3993,14
1076,530
878,1520
337,1750
1016,42
1275,509
3798,3
4551,34
3342,730
995,134
1981,439
4297,2
161,14
1500,797
3843,406
2613,511
3461,224
1021,451
3073,1286
3943,546
1585,461
1955,170
3152,1176
34,550
4014,146
775,4940
2556,7074
1478,777
1363,3
2612,3
2824,582
2041,3
241,14
2061,3948
2363,263
600,2077
2435,602
2888,35
646,6
3890,38
3556,8051
3202,3
1528,706
1267,810
1899,1005
4658,6
3005,1023
2734,1915
189,641
1806,6249
975,5141
2747,6
2047,12
2558,788
1082,41
474,451
2904,6
4117,2878
3385,150
4555,27
1184,444
2433,234
2391,42
769,248
1685,520
130,550
2919,706
3171,68
3444,7957
4426,1132
466,3172
3092,39
3772,532
860,343
